Rk,Player,WAR,Season,Age,Team,Lg,G,PA,AB,R,H,1B,2B,3B,HR,RBI,SB,CS,BB,SO,BA,OBP,SLG,OPS,OPS+,TB,GIDP,HBP,SH,SF,IBB,WAR,WAA,oWAR,dWAR,Rbat,Rdp,Rbaser,Rbaser + Rdp,Rfield,Pos
1,Babe Ruth,14.1,1923,28,NYY,AL,152,699,522,151,205,106,45,13,41,130,17,21,170,93,0.393,0.545,0.764,1.309,239,399,,4,3,,,14.1,11.5,12.3,1.2,114,0,-4,-4,19,*97/83
2,Babe Ruth,12.9,1921,26,NYY,AL,152,693,540,177,204,85,44,16,59,168,17,13,145,81,0.378,0.512,0.846,1.359,239,457,,4,4,,,12.9,10.4,12.2,0,116,0,-1,-1,6,*78/13H
3,Babe Ruth,12.6,1927,32,NYY,AL,151,691,540,158,192,95,29,8,60,165,7,5,137,89,0.356,0.486,0.772,1.258,225,417,,0,14,,3,12.6,10,11.4,0.5,102,0,1,1,12,*97
4,Carl Yastrzemski,12.4,1967,27,BOS,AL,161,680,579,112,189,110,31,4,44,121,10,8,91,69,0.326,0.418,0.622,1.04,193,360,5,4,1,5,11,12.4,10.2,9.9,1.7,69,3,3,5,23,*7/8H
5,Rogers Hornsby,12.1,1924,28,STL,NL,143,642,536,121,227,145,43,14,25,94,5,12,89,32,0.424,0.507,0.696,1.203,222,373,,2,13,,13,12.1,10.1,11.5,1.1,94,0,-2,-2,7,*4
6,Babe Ruth,11.9,1920,25,NYY,AL,142,617,458,158,172,73,36,9,54,135,14,14,150,80,0.376,0.532,0.847,1.379,255,388,,3,5,,,11.9,9.6,11.8,-0.5,109,0,-2,-2,1,*978/31H
7,Barry Bonds,11.9,2001,36,SFG,NL,153,664,476,129,156,49,32,2,73,137,13,3,177,93,0.328,0.515,0.863,1.379,259,411,5,9,0,2,35,11.9,9.9,12.4,-1.2,116,1,1,1,-5,*7/DH
8,Lou Gehrig,11.8,1927,24,NYY,AL,155,717,584,149,218,101,52,18,47,173,10,10,109,84,0.373,0.474,0.765,1.24,220,447,,3,21,,9,11.8,9.2,11.3,-0.2,102,0,-1,-1,5,*3
9,Barry Bonds,11.7,2002,37,SFG,NL,143,612,403,117,149,70,31,2,46,110,9,2,198,47,0.37,0.582,0.799,1.381,268,322,4,9,0,2,68,11.7,9.9,11.8,-0.6,109,0,-2,-2,0,*7/DH
10,Cal Ripken Jr.,11.5,1991,30,BAL,AL,162,717,650,99,210,125,46,5,34,114,6,1,53,46,0.323,0.374,0.566,0.94,162,368,19,5,0,9,15,11.5,9.2,9.2,3.5,56,-1,1,0,23,*6
11,Honus Wagner,11.5,1908,34,PIT,NL,151,641,568,100,201,133,39,19,10,109,53,,54,22,0.354,0.415,0.542,0.957,205,308,,5,14,,,11.5,9.3,11.4,1.4,62,0,4,4,1,*6
12,Babe Ruth,11.4,1926,31,NYY,AL,152,652,495,139,184,102,30,5,47,153,11,9,144,76,0.372,0.516,0.737,1.253,226,365,,3,10,,13,11.4,8.8,11,-0.2,96,0,-1,-1,5,*79/H3
13,Babe Ruth,11.4,1924,29,NYY,AL,153,681,529,143,200,108,39,7,46,124,9,13,142,81,0.378,0.513,0.739,1.252,220,391,,4,6,,28,11.4,8.8,10.5,0.2,95,0,-3,-3,9,*97/8H
14,Mickey Mantle,11.3,1957,25,NYY,AL,144,623,474,121,173,105,28,6,34,94,16,3,146,75,0.365,0.512,0.665,1.177,221,315,5,0,0,3,23,11.3,9.4,11.3,-0.1,84,1,7,8,1,*8/H
15,Ty Cobb,11.3,1917,30,DET,AL,152,672,588,107,225,151,44,24,6,106,55,,61,34,0.383,0.444,0.57,1.014,209,335,,4,16,,,11.3,8.8,10.6,0.2,70,0,4,4,6,*89/H
16,Stan Musial,11.3,1948,27,STL,NL,155,698,611,135,230,127,46,18,39,131,7,3,79,34,0.376,0.45,0.702,1.152,200,429,18,3,1,,6,11.3,8.5,10.8,-0.1,86,0,2,1,5,*987/3
17,Willie Mays,11.2,1965,34,SFG,NL,157,638,558,118,177,101,21,3,52,112,9,4,76,71,0.317,0.398,0.645,1.043,185,360,11,0,2,2,16,11.2,8.8,9.5,1.6,63,-1,4,4,15,*8/H97
18,Mickey Mantle,11.2,1956,24,NYY,AL,150,652,533,132,188,109,22,5,52,130,10,1,112,99,0.353,0.464,0.705,1.169,210,376,4,2,1,4,6,11.2,9.3,10.6,0.5,84,2,5,8,5,*8/H
19,Willie Mays,11,1964,33,SFG,NL,157,665,578,121,171,94,21,9,47,111,19,5,82,72,0.296,0.383,0.607,0.99,172,351,11,1,1,3,13,11,8.5,9,2,53,0,7,6,17,*8/H356
20,Joe Morgan,11,1975,31,CIN,NL,146,639,498,107,163,113,27,6,17,94,67,10,132,52,0.327,0.466,0.508,0.974,169,253,3,3,0,6,3,11,9,9.4,2,55,2,10,12,14,*4/H
21,Rogers Hornsby,10.8,1921,25,STL,NL,154,674,592,131,235,152,44,18,21,126,13,13,60,48,0.397,0.458,0.639,1.097,191,378,,7,15,,,10.8,8.7,10,1.3,76,0,-1,-1,10,*4/7563
22,Mookie Betts,10.7,2018,25,BOS,AL,136,614,520,129,180,96,47,5,32,80,30,6,81,91,0.346,0.438,0.64,1.078,186,333,5,8,0,5,8,10.7,8.7,8.7,1.6,65,0,6,7,18,*98/HD4
23,Ty Cobb,10.7,1911,24,DET,AL,146,656,592,148,248,169,47,24,8,127,83,,44,42,0.419,0.466,0.62,1.086,196,367,,8,11,,,10.7,8.3,10.2,0.1,74,0,11,11,4,*8
24,Barry Bonds,10.6,2004,39,SFG,NL,147,617,373,129,135,60,27,3,45,101,6,1,232,41,0.362,0.609,0.812,1.422,263,303,5,9,0,3,120,10.6,8.8,11.5,-1.5,106,1,0,1,-8,*7/HD
25,Aaron Judge,10.6,2022,30,NYY,AL,157,696,570,133,177,87,28,0,62,131,16,3,111,175,0.311,0.425,0.686,1.111,210,391,14,6,0,5,19,10.6,8.4,10.4,0,80,-2,2,0,3,*89D/H
26,Willie Mays,10.6,1963,32,SFG,NL,157,671,596,115,187,110,32,7,38,103,8,3,66,83,0.314,0.38,0.582,0.962,175,347,15,2,0,7,5,10.6,8,9.1,1.4,56,-2,4,2,12,*8/H6
27,Ted Williams,10.6,1946,27,BOS,AL,150,672,514,142,176,93,37,8,38,123,0,0,156,44,0.342,0.497,0.667,1.164,215,343,12,2,0,,29,10.6,8.6,10.1,-0.3,83,0,0,0,4,*7
28,Rogers Hornsby,10.6,1929,33,CHC,NL,156,712,602,156,229,135,47,8,39,149,2,0,87,65,0.38,0.459,0.679,1.139,178,409,,1,22,,5,10.6,8.4,9.5,1.6,76,0,2,2,12,*4
29,Mike Trout,10.5,2012,20,LAA,AL,139,639,559,129,182,117,27,8,30,83,49,5,67,139,0.326,0.399,0.564,0.963,168,315,7,6,0,7,4,10.5,8.4,8.7,2,53,1,10,11,19,*87/9H
30,Robin Yount,10.5,1982,26,MIL,AL,156,704,635,129,210,123,46,12,29,114,14,3,54,63,0.331,0.379,0.578,0.957,166,367,19,1,4,10,2,10.5,8.4,9.9,1.8,59,-1,8,7,8,*6/HD
31,Ty Cobb,10.5,1910,23,DET,AL,140,598,508,106,194,138,35,13,8,91,65,,64,46,0.382,0.455,0.549,1.004,205,279,,4,16,,,10.5,8.1,9.7,0.4,61,0,7,7,8,*89/H
32,Babe Ruth,10.5,1931,36,NYY,AL,145,663,534,149,199,119,31,3,46,162,5,4,128,51,0.373,0.495,0.7,1.195,218,374,,1,0,,5,10.5,8.2,10.7,-0.8,97,2,1,4,-2,*97/H3
33,Willie Mays,10.5,1962,31,SFG,NL,162,706,621,130,189,99,36,5,49,141,18,2,78,85,0.304,0.384,0.615,0.999,165,382,19,4,0,3,11,10.5,7.9,8.3,2.1,55,-2,4,2,20,*8/H
34,Ted Williams,10.5,1942,23,BOS,AL,150,671,522,141,186,111,34,5,36,137,3,2,145,51,0.356,0.499,0.648,1.147,216,338,12,4,0,,20,10.5,8.6,10,-0.2,84,1,0,1,5,*7/9
35,Mike Trout,10.5,2016,24,LAA,AL,159,681,549,123,173,107,32,5,29,100,30,7,116,137,0.315,0.441,0.55,0.991,173,302,5,11,0,5,12,10.5,8.1,9.9,1,63,3,6,8,6,*8D/H
36,Carl Yastrzemski,10.5,1968,28,BOS,AL,157,664,539,90,162,105,32,2,23,74,13,6,119,90,0.301,0.426,0.495,0.922,171,267,12,2,0,4,13,10.5,8.2,7.6,2,47,0,4,4,25,*7/38H
37,Eddie Collins,10.5,1910,23,PHA,AL,153,667,581,81,188,154,16,15,3,81,81,,49,41,0.324,0.382,0.418,0.8,150,243,,6,22,,,10.5,7.8,7.6,2.8,33,0,10,10,24,*4
38,Mickey Mantle,10.5,1961,29,NYY,AL,153,646,514,131,163,87,16,6,54,128,12,1,126,112,0.317,0.448,0.687,1.135,206,353,2,0,1,5,9,10.5,8.5,10.6,-0.1,80,2,6,8,1,*8/H
39,Willie Mays,10.4,1954,23,NYG,NL,151,641,565,119,195,108,33,13,41,110,8,5,66,57,0.345,0.411,0.667,1.078,175,377,12,2,0,7,14,10.4,8.1,8.4,2,60,-1,3,2,21,*8
40,Ted Williams,10.4,1941,22,BOS,AL,143,606,456,135,185,112,33,3,37,120,2,4,147,27,0.406,0.553,0.735,1.287,235,335,10,3,0,,25,10.4,8.4,10.7,-0.9,99,-1,0,0,-3,*7H/9
41,Álex Rodríguez,10.4,2000,24,SEA,AL,148,672,554,134,175,98,34,2,41,132,15,4,100,121,0.316,0.42,0.606,1.026,163,336,10,7,0,11,5,10.4,8.1,8.9,2.4,58,1,6,7,16,*6
42,Lou Boudreau,10.4,1948,30,CLE,AL,152,676,560,116,199,141,34,6,18,106,3,2,98,9,0.355,0.453,0.534,0.987,166,299,15,2,16,,7,10.4,8.4,8.3,3,57,1,-1,0,20,*6/2H
43,Jimmie Foxx,10.4,1932,24,PHA,AL,154,702,585,151,213,113,33,9,58,169,3,7,116,96,0.364,0.469,0.749,1.218,207,438,,0,0,,10,10.4,7.9,10,-0.1,91,0,-1,-1,5,*35
44,Sammy Sosa,10.3,2001,32,CHC,NL,160,711,577,146,189,86,34,5,64,160,0,2,116,153,0.328,0.437,0.737,1.174,203,425,6,6,0,12,37,10.3,8.2,9.8,-0.1,84,1,1,2,6,*9
45,Babe Ruth,10.3,1930,35,NYY,AL,145,676,518,150,186,100,28,9,49,153,10,10,136,61,0.359,0.493,0.732,1.225,211,379,,1,21,,8,10.3,7.8,10,-0.4,96,0,-1,-1,2,*97/1
46,Willie Mays,10.2,1958,27,SFG,NL,152,685,600,121,208,135,33,11,29,96,31,6,78,56,0.347,0.419,0.583,1.002,165,350,11,1,0,6,12,10.2,7.8,8.8,1.5,54,0,8,8,15,*8/H
47,Ernie Banks,10.2,1959,28,CHC,NL,155,671,589,97,179,103,25,6,45,143,2,4,64,72,0.304,0.374,0.596,0.97,156,351,18,7,2,9,20,10.2,7.7,7.8,3.5,42,-1,1,-1,23,*6/H
48,Rogers Hornsby,10.2,1925,29,STL,NL,138,606,504,133,203,113,41,10,39,143,5,3,83,39,0.403,0.489,0.756,1.245,210,381,,2,16,,8,10.2,8.3,10.3,0.4,87,0,1,1,0,*4/H
49,Rogers Hornsby,10.2,1927,31,NYG,NL,155,684,568,133,205,138,32,9,26,125,9,6,86,38,0.361,0.448,0.586,1.035,175,333,,4,26,,7,10.2,8,9,1.8,63,0,0,0,12,*4
50,Honus Wagner,10.2,1905,31,PIT,NL,147,619,548,114,199,147,32,14,6,101,57,,54,53,0.363,0.427,0.505,0.932,175,277,,7,7,,,10.2,8.2,8.7,2.7,48,0,4,4,14,*6/7
51,Babe Ruth,10.2,1928,33,NYY,AL,154,684,536,163,173,82,29,8,54,146,4,5,137,87,0.323,0.463,0.709,1.172,206,380,,3,8,,8,10.2,7.6,9.9,-0.5,84,0,0,0,2,*97
52,Tris Speaker,10.1,1912,24,BOS,AL,153,675,580,136,222,147,53,12,10,90,52,28,82,36,0.383,0.464,0.567,1.031,190,329,,6,7,,,10.1,7.6,9.3,0.4,69,0,2,2,8,*8
53,Rogers Hornsby,10.1,1922,26,STL,NL,154,704,623,141,250,148,46,14,42,152,17,12,65,50,0.401,0.459,0.722,1.181,207,450,,1,15,,,10.1,8,11.3,-0.7,95,0,0,0,-13,*4
54,Al Rosen,10.1,1953,29,CLE,AL,155,688,599,115,201,126,27,5,43,145,8,7,85,48,0.336,0.422,0.613,1.034,180,367,19,4,0,,4,10.1,7.9,9.1,1,69,-2,2,1,9,*5/36H
55,Lou Gehrig,10.1,1934,31,NYY,AL,154,690,579,128,210,115,40,6,49,166,9,5,109,31,0.363,0.465,0.706,1.172,207,409,,2,0,,13,10.1,7.6,9.9,-0.4,91,1,-4,-3,3,*3/6
56,Cal Ripken Jr.,10,1984,23,BAL,AL,162,716,641,103,195,124,37,7,27,86,2,1,71,89,0.304,0.374,0.51,0.884,146,327,16,2,0,2,1,10,7.8,7.7,3.6,41,-2,2,1,23,*6
57,Nap Lajoie,10,1906,31,CLE,AL,152,656,602,88,214,157,48,9,0,91,20,,30,19,0.355,0.392,0.465,0.857,169,280,,6,17,,,10,7.6,7.6,2.6,45,0,-2,-2,20,*45/6
58,Tris Speaker,10,1914,26,BOS,AL,158,668,571,101,193,125,46,18,4,90,42,29,77,25,0.338,0.423,0.503,0.926,178,287,,7,13,,,10,7.3,8.5,1.1,52,0,1,1,14,*8/13H
59,Rico Petrocelli,10,1969,26,BOS,AL,154,643,535,92,159,85,32,2,40,97,3,5,98,68,0.297,0.403,0.589,0.992,168,315,12,1,3,6,13,10,7.8,8.4,2.7,49,0,-1,-1,16,*6/5
60,Rickey Henderson,9.9,1990,31,OAK,AL,136,594,489,119,159,95,33,3,28,61,65,10,97,60,0.325,0.439,0.577,1.016,189,282,13,4,2,2,2,9.9,8,8.4,1.1,61,-1,6,5,16,*7D/H
61,Barry Bonds,9.9,1993,28,SFG,NL,159,674,539,129,181,93,38,4,46,123,29,12,126,79,0.336,0.458,0.677,1.136,206,365,11,2,0,7,43,9.9,7.9,8.8,0.4,73,0,2,1,9,*7/H
62,Rogers Hornsby,9.9,1917,21,STL,NL,145,589,523,86,171,122,24,17,8,66,17,,45,34,0.327,0.385,0.484,0.868,169,253,,4,17,,,9.9,8.1,7.7,3.5,40,0,-1,-1,18,*6/H
63,Mike Trout,9.9,2018,26,LAA,AL,140,608,471,101,147,80,24,4,39,79,24,2,122,124,0.312,0.46,0.628,1.088,198,296,5,10,0,4,25,9.9,7.9,9.2,1,64,1,4,5,6,*8D/H
64,Rickey Henderson,9.9,1985,26,NYY,AL,143,654,547,146,172,115,28,5,24,72,80,10,99,65,0.314,0.419,0.516,0.934,157,282,8,3,0,5,1,9.9,8,8.6,1.5,47,0,17,18,13,*8/7HD
65,Ty Cobb,9.9,1909,22,DET,AL,156,655,573,115,216,164,33,10,9,107,76,,48,45,0.377,0.431,0.517,0.947,192,296,,6,24,,,9.9,7.4,9.6,-0.7,58,0,9,9,4,*9/84
66,Larry Walker,9.8,1997,30,COL,NL,153,664,568,143,208,109,46,4,49,130,33,8,78,90,0.366,0.452,0.72,1.172,178,409,15,14,0,4,14,9.8,7.9,8.9,0.3,70,2,7,9,10,*9/38HD
67,George Sisler,9.8,1920,27,SLB,AL,154,692,631,137,257,171,49,18,19,122,42,17,46,19,0.407,0.449,0.632,1.082,182,399,,2,13,,,9.8,7.4,9.2,0,72,0,4,4,6,*3/1
68,Arky Vaughan,9.8,1935,23,PIT,NL,137,610,499,108,192,129,34,10,19,99,4,7,97,18,0.385,0.491,0.607,1.098,190,303,5,7,7,,7,9.8,7.8,10,0.7,70,2,3,6,-3,*6
69,Nap Lajoie,9.8,1910,35,CLE,AL,159,679,592,94,227,165,51,7,4,76,26,,60,18,0.383,0.444,0.514,0.958,197,304,,5,21,,,9.8,7,10,-0.3,65,0,-2,-2,-1,*43
70,Ron Santo,9.8,1967,27,CHC,NL,161,697,586,107,176,118,23,4,31,98,1,5,96,103,0.3,0.395,0.512,0.906,153,300,17,3,0,12,9,9.8,7.3,7.5,2.7,42,-1,-1,-2,18,*5
71,Mike Schmidt,9.8,1974,24,PHI,NL,162,686,568,108,160,89,28,7,36,116,23,12,106,138,0.282,0.395,0.546,0.941,158,310,4,4,3,5,14,9.8,7.6,7.7,2.4,46,1,1,3,18,*5
72,Barry Bonds,9.7,1990,25,PIT,NL,151,621,519,104,156,88,32,3,33,114,52,13,93,83,0.301,0.406,0.565,0.97,170,293,8,3,0,6,15,9.7,7.8,6.5,2.5,46,0,3,3,28,*7/H8
73,Bryce Harper,9.7,2015,22,WSN,NL,153,654,521,118,172,91,38,1,42,99,6,4,124,131,0.33,0.46,0.649,1.109,198,338,15,5,0,4,15,9.7,7.7,9.1,0.1,71,-1,3,2,6,*98/D
74,Albert Pujols,9.7,2009,29,STL,NL,160,700,568,124,186,93,45,1,47,135,16,4,115,64,0.327,0.443,0.658,1.101,189,374,23,9,0,8,44,9.7,7.6,7.9,0.8,67,-3,3,1,17,*3/HD
75,Rod Carew,9.7,1977,31,MIN,AL,155,694,616,128,239,171,38,16,14,100,23,13,69,55,0.388,0.449,0.57,1.019,178,351,6,3,1,5,15,9.7,7.5,8.9,0.1,64,3,7,10,8,*3/H4D
76,Lou Gehrig,9.7,1936,33,NYY,AL,155,719,579,167,205,112,37,7,49,152,3,4,130,46,0.354,0.478,0.696,1.174,190,403,,7,3,,9,9.7,7.4,9.8,-0.6,88,3,5,8,0,*3
77,Ken Griffey Jr.,9.7,1996,26,SEA,AL,140,638,545,125,165,88,26,2,49,140,16,1,78,104,0.303,0.392,0.628,1.02,154,342,7,7,1,7,13,9.7,7.6,6.6,3.4,40,3,3,6,32,*8/D
78,Eddie Collins,9.7,1909,22,PHA,AL,153,666,571,104,198,155,30,10,3,56,63,,62,36,0.347,0.416,0.45,0.866,170,257,,6,21,,,9.7,7.3,8.5,1.3,45,0,5,5,11,*4/6
79,Ted Williams,9.7,1957,38,BOS,AL,132,547,420,96,163,96,28,1,38,87,0,1,119,43,0.388,0.526,0.731,1.257,233,307,11,5,0,2,33,9.7,8,9.5,-0.4,83,-1,-1,-2,2,*7/H
80,Barry Bonds,9.7,1996,31,SFG,NL,158,675,517,122,159,87,27,3,42,129,40,7,151,76,0.308,0.461,0.615,1.076,188,318,11,1,0,6,30,9.7,7.6,8.9,0.3,70,0,8,8,10,*7/H8
81,Jackie Robinson,9.7,1951,32,BRO,NL,153,642,548,106,185,126,33,7,19,88,25,8,79,27,0.338,0.429,0.527,0.957,154,289,10,9,6,,6,9.7,7.2,8.1,2.4,44,0,4,4,16,*4/H
82,Joe Morgan,9.6,1976,32,CIN,NL,141,599,472,113,151,89,30,5,27,111,60,9,114,41,0.32,0.444,0.576,1.02,187,272,2,1,0,12,8,9.6,7.8,9.7,0.4,57,2,10,12,-1,*4H
83,Lou Gehrig,9.6,1930,27,NYY,AL,154,703,581,143,220,120,42,17,41,173,12,14,101,63,0.379,0.473,0.721,1.194,203,419,,3,18,,3,9.6,7.1,9.9,-1,95,0,-3,-3,-4,*3/7
84,Rogers Hornsby,9.6,1920,24,STL,NL,149,660,589,96,218,145,44,20,9,94,12,15,60,50,0.37,0.431,0.559,0.99,185,329,,3,8,,,9.6,7.4,9,1,60,0,-1,-1,6,*4
85,Mike Trout,9.6,2015,23,LAA,AL,159,682,575,104,172,93,32,6,41,90,11,7,92,158,0.299,0.402,0.59,0.991,176,339,11,10,0,5,14,9.6,7.3,8.8,1.3,58,0,-1,-1,7,*8/D
86,Adrián Beltré,9.6,2004,25,LAD,NL,156,657,598,104,200,120,32,0,48,121,7,2,53,87,0.334,0.388,0.629,1.017,163,376,15,2,0,4,9,9.6,7.6,7.4,2.5,54,-2,1,-2,22,*5/6H
87,Stan Musial,9.5,1943,22,STL,NL,157,701,617,108,220,139,48,20,13,81,9,6,72,18,0.357,0.425,0.562,0.988,177,347,17,2,10,,14,9.5,7.3,8.1,0.7,58,1,1,2,13,*978/H
88,Joe Jackson,9.5,1912,24,CLE,AL,154,653,572,121,226,153,44,26,3,90,35,20,54,19,0.395,0.458,0.579,1.036,191,331,,12,15,,,9.5,7,8.8,-0.1,68,0,2,2,6,*98/H
89,Mookie Betts,9.5,2016,23,BOS,AL,158,730,672,122,214,136,42,5,31,113,26,4,49,80,0.318,0.363,0.534,0.897,133,359,12,2,0,7,1,9.5,7.2,6.4,2.7,31,4,9,12,30,*9/H
90,Mickey Mantle,9.5,1955,23,NYY,AL,147,638,517,121,158,85,25,11,37,99,8,1,113,97,0.306,0.431,0.611,1.042,180,316,4,3,2,3,6,9.5,7.5,8.4,1.1,58,1,5,6,10,*8/H6
91,Ted Williams,9.5,1947,28,BOS,AL,156,693,528,125,181,100,40,9,32,114,0,1,162,47,0.343,0.499,0.634,1.133,205,335,10,2,1,,29,9.5,7.5,9.6,-0.9,79,0,-1,0,0,*7
92,Carl Yastrzemski,9.5,1970,30,BOS,AL,161,698,566,125,186,117,29,0,40,102,23,13,128,66,0.329,0.452,0.592,1.044,177,335,12,1,0,2,12,9.5,7.1,8.9,-0.3,66,0,3,4,7,37/8H
93,Ty Cobb,9.5,1915,28,DET,AL,156,701,563,144,208,161,31,13,3,99,96,38,118,43,0.369,0.486,0.487,0.973,185,274,,10,9,,,9.5,6.9,9.9,-0.8,64,0,8,8,-3,*8
94,Lou Gehrig,9.5,1928,25,NYY,AL,154,678,562,139,210,123,47,13,27,147,4,11,95,69,0.374,0.467,0.648,1.115,193,364,,4,17,,3,9.5,6.9,9,-0.3,77,0,-3,-3,4,*3
95,Willie Mays,9.5,1960,29,SFG,NL,153,669,595,107,190,120,29,12,29,103,25,10,61,70,0.319,0.381,0.555,0.936,160,330,15,4,0,9,11,9.5,7,8,1.4,48,0,5,5,14,*8/H
96,Henry Aaron,9.4,1961,27,MLN,NL,155,671,603,115,197,114,39,10,34,120,21,9,56,64,0.327,0.381,0.594,0.974,163,358,16,2,1,9,20,9.4,6.9,7.1,2,44,1,4,5,23,*89/5H
97,Álex Rodríguez,9.4,2007,31,NYY,AL,158,708,583,143,183,98,31,0,54,156,24,4,95,120,0.314,0.422,0.645,1.067,176,376,15,21,0,9,11,9.4,7,9.5,0.2,65,0,7,7,-1,*5/D
98,Álex Rodríguez,9.4,1996,20,SEA,AL,146,677,601,141,215,124,54,1,36,123,15,4,59,104,0.358,0.414,0.631,1.045,161,379,15,4,6,7,1,9.4,7.2,8.5,1.8,58,-1,3,3,8,*6/H
99,George Brett,9.4,1980,27,KCR,AL,117,515,449,87,175,109,33,9,24,118,15,6,58,22,0.39,0.454,0.664,1.118,203,298,11,1,0,7,16,9.4,7.8,8.5,1.3,61,1,5,6,9,*5/H3
100,Frankie Frisch,9.4,1927,29,STL,NL,153,693,617,112,208,156,31,11,10,78,48,14,43,10,0.337,0.387,0.472,0.858,124,291,,7,26,,2,9.4,7.2,5.6,4.4,23,0,5,5,37,*4/6
101,Craig Biggio,9.4,1997,31,HOU,NL,162,744,619,146,191,124,37,8,22,81,47,10,84,107,0.309,0.415,0.501,0.916,143,310,0,34,0,7,6,9.4,7.3,7.5,2.3,43,2,7,9,19,*4/HD
102,Álex Rodríguez,9.4,2005,29,NYY,AL,162,715,605,124,194,116,29,1,48,130,21,6,91,139,0.321,0.421,0.61,1.031,173,369,8,16,0,3,8,9.4,6.9,9.4,0.4,66,2,0,2,0,*5/6D
103,Eddie Collins,9.4,1915,28,CHW,AL,155,681,521,118,173,137,22,10,4,77,46,30,119,27,0.332,0.46,0.436,0.896,165,227,,5,35,,,9.4,6.8,8,1.4,49,0,0,0,12,*4
104,Harry Heilmann,9.4,1923,28,DET,AL,144,627,524,121,211,138,44,11,18,115,9,7,74,40,0.403,0.481,0.632,1.113,194,331,,5,23,,,9.4,6.9,8.9,-0.2,74,0,0,0,5,*93/H
105,Terry Turner,9.3,1906,25,CLE,AL,147,643,584,85,170,134,27,7,2,62,27,,35,43,0.291,0.338,0.372,0.709,123,217,,6,18,,,9.3,7,5.2,5.4,15,0,-1,-1,34,*6
106,Joe DiMaggio,9.3,1941,26,NYY,AL,139,622,541,122,193,109,43,11,30,125,4,2,76,13,0.357,0.44,0.643,1.083,185,348,6,4,0,,21,9.3,7.4,8.5,0.7,63,3,4,7,8,*8
107,Home Run Baker,9.3,1912,26,PHA,AL,149,648,577,116,200,129,40,21,10,130,40,26,50,38,0.347,0.404,0.541,0.945,174,312,,6,11,,,9.3,6.8,8.3,1.5,53,0,0,0,9,*5
108,Ernie Banks,9.3,1958,27,CHC,NL,154,682,617,119,193,112,23,11,47,129,4,4,52,87,0.313,0.366,0.614,0.98,155,379,14,4,1,8,12,9.3,6.8,8.5,1.9,48,0,2,1,10,*6
109,Jackie Robinson,9.3,1949,30,BRO,NL,156,704,593,122,203,137,38,12,16,124,37,16,86,27,0.342,0.432,0.528,0.96,152,313,22,8,17,,12,9.3,6.6,8.3,1.8,46,-1,5,3,10,*4
110,Honus Wagner,9.3,1906,32,PIT,NL,142,590,516,103,175,126,38,9,2,71,53,,58,31,0.339,0.416,0.459,0.875,168,237,,10,6,,,9.3,7.3,8.3,2.3,39,0,4,4,10,*6/H95
111,Stan Musial,9.3,1946,25,STL,NL,156,702,624,124,228,142,50,20,16,103,7,9,73,31,0.365,0.434,0.587,1.021,183,366,7,3,2,,9,9.3,6.7,9.5,-1.1,65,2,4,6,-2,*37
112,Joe Morgan,9.3,1972,28,CIN,NL,149,680,552,122,161,118,23,4,16,73,58,17,115,44,0.292,0.417,0.435,0.851,149,240,5,6,3,4,1,9.3,7.3,8.4,1.4,42,3,8,11,7,*4/H
113,Joe Morgan,9.3,1973,29,CIN,NL,157,698,576,116,167,104,35,2,26,82,67,15,111,61,0.29,0.406,0.493,0.899,154,284,12,4,3,4,3,9.3,7.1,8,1.7,43,1,7,8,11,*4/H
114,Albert Pujols,9.2,2008,28,STL,NL,148,641,524,100,187,106,44,0,37,116,7,3,104,54,0.357,0.462,0.653,1.114,192,342,16,5,0,8,34,9.2,7.3,7.5,1,65,0,0,0,18,*3/HD4
115,Reggie Jackson,9.2,1969,23,OAK,AL,152,678,549,123,151,65,36,3,47,118,13,5,114,142,0.275,0.41,0.608,1.018,189,334,8,12,1,1,20,9.2,7,8.5,0.1,64,1,-1,1,8,*98/H
116,Honus Wagner,9.2,1909,35,PIT,NL,137,591,495,92,168,114,39,10,5,100,35,,66,24,0.339,0.42,0.489,0.909,177,242,,3,27,,,9.2,7.3,8.3,2,45,0,1,1,7,*6/7
117,Ty Cobb,9.2,1912,25,DET,AL,140,610,553,119,226,166,30,23,7,83,61,34,43,30,0.409,0.456,0.584,1.04,200,323,,5,8,,,9.2,6.9,8.9,-0.2,68,0,2,2,2,*8/7
118,Barry Bonds,9.2,2003,38,SFG,NL,130,550,390,111,133,65,22,1,45,90,7,0,148,58,0.341,0.529,0.749,1.278,231,292,7,10,0,2,61,9.2,7.5,8.7,-0.1,77,0,1,1,5,*7/DH
119,Norm Cash,9.2,1961,27,DET,AL,159,673,535,119,193,122,22,8,41,132,11,5,124,85,0.361,0.487,0.662,1.148,201,354,16,9,2,2,19,9.2,7.1,8.5,-0.2,76,0,-1,-2,9,*3/H
120,Stan Musial,9.2,1949,28,STL,NL,157,722,612,128,207,117,41,13,36,123,3,4,107,38,0.338,0.438,0.624,1.062,177,382,12,2,0,,15,9.2,6.4,8.9,-0.4,67,1,1,2,3,*98/73
121,Joe Jackson,9.2,1911,23,CLE,AL,147,641,571,126,233,162,45,19,7,83,41,,56,42,0.408,0.468,0.59,1.058,193,337,,8,6,,,9.2,6.8,8.6,-0.1,70,0,-1,-1,5,*98
122,Scott Rolen,9.2,2004,29,STL,NL,142,593,500,109,157,87,32,4,34,124,4,3,72,92,0.314,0.409,0.598,1.007,158,299,8,13,1,7,5,9.2,7.4,6.2,3.3,40,0,2,2,30,*5
123,Ichiro Suzuki,9.2,2004,30,SEA,AL,161,762,704,101,262,225,24,5,8,60,36,11,49,63,0.372,0.414,0.455,0.869,130,320,6,4,2,3,19,9.2,6.7,6.1,2.5,36,6,4,9,30,*9/DH
124,Jason Giambi,9.2,2001,30,OAK,AL,154,671,520,109,178,91,47,2,38,120,2,0,129,83,0.342,0.477,0.66,1.137,199,343,17,13,0,9,24,9.2,6.8,8.7,-0.4,78,-2,0,-2,4,*3D/H
125,Willie Mays,9.2,1955,24,NYG,NL,152,670,580,123,185,103,18,13,51,127,24,4,79,60,0.319,0.4,0.659,1.059,174,382,12,4,0,7,13,9.2,6.7,8.8,0.4,59,0,5,6,7,*8
126,Duke Snider,9.1,1953,26,BRO,NL,153,680,590,132,198,114,38,4,42,126,16,7,82,90,0.336,0.419,0.627,1.046,165,370,10,3,5,,12,9.1,6.7,8.6,0.6,61,2,2,4,8,*8/H
127,Tris Speaker,9.1,1923,35,CLE,AL,150,695,574,133,218,131,59,11,17,130,8,9,93,15,0.38,0.469,0.61,1.079,182,350,,4,22,,,9.1,6.5,9.3,-0.5,74,0,0,0,-1,*8
128,Henry Aaron,9.1,1963,29,MLN,NL,161,714,631,121,201,124,29,4,44,130,31,5,78,94,0.319,0.391,0.586,0.977,179,370,11,0,0,5,18,9.1,6.4,9.6,-1.3,61,0,7,7,-5,*9
129,Ken Griffey Jr.,9.1,1997,27,SEA,AL,157,704,608,125,185,92,34,3,56,147,15,4,76,121,0.304,0.382,0.646,1.028,165,393,12,8,0,12,23,9.1,6.7,7.6,1.9,49,-1,3,2,15,*8/D7
130,Babe Ruth,9.1,1919,24,BOS,AL,130,543,432,103,139,64,34,12,29,113,7,,101,58,0.322,0.456,0.657,1.114,217,284,,6,3,,,9.1,7.4,8.3,0.2,67,0,0,0,7,*71/38H
131,Wade Boggs,9.1,1985,27,BOS,AL,161,758,653,107,240,187,42,3,8,78,2,1,96,61,0.368,0.45,0.478,0.928,151,312,20,4,3,2,5,9.1,6.9,8.3,1.2,55,0,2,3,8,*5/H
132,Eddie Collins,9.1,1914,27,PHA,AL,152,659,526,122,181,142,23,14,2,85,58,30,97,31,0.344,0.452,0.452,0.904,176,238,,6,28,,,9.1,6.4,9.1,0,52,0,4,4,1,*4
133,Chase Utley,9,2008,29,PHI,NL,159,707,607,113,177,99,41,4,33,104,14,2,64,104,0.292,0.38,0.535,0.915,136,325,9,27,1,8,14,9,7,6,3.5,30,2,3,6,31,*4/3
134,Barry Bonds,9,1992,27,PIT,NL,140,612,473,109,147,72,36,5,34,103,39,8,127,69,0.311,0.456,0.624,1.08,204,295,9,5,0,7,32,9,7.3,8.3,0,61,1,4,4,6,*7/H
135,Darrell Evans,9,1973,26,ATL,NL,161,733,595,114,167,93,25,8,41,104,6,3,124,104,0.281,0.403,0.556,0.959,156,331,9,3,3,8,8,9,6.9,7.1,2.2,44,0,0,0,18,*53/H
136,Honus Wagner,9,1907,33,PIT,NL,142,584,515,98,180,122,38,14,6,82,61,,46,40,0.35,0.408,0.513,0.921,187,264,,5,14,,,9,7,9.8,0.5,47,0,8,8,-5,*6/3
137,Ted Williams,9,1949,30,BOS,AL,155,730,566,150,194,109,39,3,43,159,1,1,162,48,0.343,0.49,0.65,1.141,191,368,22,2,0,,11,9,7.1,9.1,-0.8,81,0,0,0,-1,*7
138,Jimmie Foxx,9,1933,25,PHA,AL,149,670,573,125,204,110,37,9,48,163,2,2,96,93,0.356,0.449,0.703,1.153,201,403,,1,0,,9,9,6.6,9,-0.6,80,-1,0,-1,0,*3/6
139,Willie Mays,9,1966,35,SFG,NL,152,629,552,99,159,89,29,4,37,103,5,1,70,81,0.288,0.368,0.556,0.924,149,307,13,2,1,4,11,9,6.7,6.8,2.1,40,0,2,3,18,*8/9H7
140,Roberto Clemente,9,1967,32,PIT,NL,147,632,585,103,209,150,26,10,23,110,9,1,41,103,0.357,0.4,0.554,0.954,171,324,15,3,0,3,17,9,6.7,8.3,-0.1,54,1,5,6,4,*9/H8
141,Eddie Collins,9,1913,26,PHA,AL,148,654,534,125,184,145,23,13,3,73,55,,85,37,0.345,0.441,0.453,0.894,164,242,,7,26,,,9,6.5,7.8,1.2,46,0,2,2,11,*4
142,Rogers Hornsby,8.9,1928,32,BSN,NL,140,621,486,99,188,118,42,7,21,94,5,3,107,41,0.387,0.498,0.632,1.13,202,307,,1,25,,9,8.9,6.9,10.1,-0.7,79,0,1,1,-11,*4
143,Lenny Dykstra,8.9,1990,27,PHI,NL,149,691,590,106,192,145,35,3,9,60,33,5,89,48,0.325,0.418,0.441,0.859,138,260,5,7,2,3,14,8.9,7,5.9,3.2,29,0,6,6,25,*8/H
144,Stan Musial,8.9,1944,23,STL,NL,146,668,568,112,197,120,51,14,12,94,7,7,90,28,0.347,0.44,0.549,0.99,174,312,7,5,4,,9,8.9,6.9,7.4,0.9,57,3,-2,1,14,*98
145,Ron Santo,8.9,1964,24,CHC,NL,161,686,592,94,185,109,33,13,30,114,3,4,86,96,0.313,0.398,0.564,0.962,164,334,11,2,0,6,5,8.9,6.3,8.5,0.8,52,0,-2,-2,3,*5
146,Mike Trout,8.9,2013,21,LAA,AL,157,716,589,109,190,115,39,9,27,97,33,7,110,136,0.323,0.432,0.557,0.988,179,328,8,9,0,8,10,8.9,6.6,10.1,-1.2,68,1,6,7,-13,*87/D
147,Alex Bregman,8.9,2019,25,HOU,AL,156,690,554,122,164,84,37,2,41,112,5,1,119,83,0.296,0.423,0.592,1.015,162,328,9,9,0,8,2,8.9,6.6,7.8,1.7,53,0,-1,-1,10,56/D
148,Mel Ott,8.9,1938,29,NYG,NL,150,654,527,116,164,99,23,6,36,116,2,4,118,47,0.311,0.442,0.583,1.024,178,307,8,5,2,,13,8.9,6.6,8.3,0.5,59,1,0,1,6,*59/H
149,Ron Santo,8.9,1966,26,CHC,NL,155,672,561,93,175,116,21,8,30,94,4,5,95,78,0.312,0.412,0.538,0.95,161,302,16,6,2,8,7,8.9,6.5,8,1.3,48,-1,1,-1,7,*5/6
150,Mike Schmidt,8.9,1980,30,PHI,NL,150,652,548,104,157,76,25,8,48,121,12,5,89,119,0.286,0.38,0.624,1.004,171,342,6,2,0,13,10,8.9,6.7,7.6,1.6,47,2,-1,0,11,*5/H
151,Todd Helton,8.9,2000,26,COL,NL,160,697,580,138,216,113,59,2,42,147,5,3,103,61,0.372,0.463,0.698,1.162,163,405,12,4,0,10,22,8.9,6.8,7.2,0.9,63,0,1,1,18,*3/H
152,Charlie Gehringer,8.9,1934,31,DET,AL,154,708,601,135,214,146,50,7,11,127,11,8,99,25,0.356,0.45,0.517,0.967,149,311,,3,5,,9,8.9,6.4,7.9,1.5,49,2,3,5,11,*4
153,Fred Lynn,8.9,1979,27,BOS,AL,147,622,531,116,177,95,42,1,39,122,2,2,82,79,0.333,0.423,0.637,1.059,176,338,9,4,0,5,4,8.9,6.8,7.9,1,55,1,3,4,9,*8/HD
154,Mike Schmidt,8.9,1977,27,PHI,NL,154,667,544,114,149,73,27,11,38,101,15,8,104,122,0.274,0.393,0.574,0.967,151,312,10,9,1,9,4,8.9,6.8,6.7,2.6,41,-1,2,1,20,*5/H64
155,Eddie Collins,8.8,1912,25,PHA,AL,153,677,543,137,189,153,25,11,0,64,63,22,101,28,0.348,0.45,0.435,0.885,158,236,,0,29,,,8.8,6.3,8.2,0.7,49,0,7,7,6,*4
156,Bret Boone,8.8,2001,32,SEA,AL,158,690,623,118,206,129,37,3,37,141,5,5,40,110,0.331,0.372,0.578,0.95,153,360,11,9,5,13,5,8.8,6.4,7.7,1.7,46,3,1,4,12,*4/HD
157,Dan Brouthers,8.8,1892,34,BRO,NL,152,688,588,121,197,142,30,20,5,124,31,,84,30,0.335,0.432,0.48,0.911,179,282,,16,,,,8.8,6.5,7.8,1.1,62,0,-2,-2,12,*3
158,Rickey Henderson,8.8,1980,21,OAK,AL,158,722,591,111,179,144,22,4,9,53,100,26,117,54,0.303,0.42,0.399,0.82,135,236,6,5,6,3,7,8.8,6.7,6.9,1.4,41,2,9,11,18,*7/D
159,Snuffy Stirnweiss,8.8,1945,26,NYY,AL,152,718,632,107,195,131,32,22,10,64,33,17,78,62,0.309,0.385,0.476,0.862,145,301,9,1,6,,2,8.8,6.8,6.7,2.8,35,0,1,1,18,*4
160,Lonnie Smith,8.8,1989,33,ATL,NL,134,577,482,89,152,93,34,4,21,79,25,12,76,95,0.315,0.415,0.533,0.948,168,257,7,11,1,7,3,8.8,7,6.2,2.1,44,0,1,1,23,*7/H
161,Arky Vaughan,8.8,1938,26,PIT,NL,148,650,541,88,174,127,35,5,7,68,14,8,104,21,0.322,0.433,0.444,0.876,141,240,8,2,3,,12,8.8,6.5,7,2.9,35,3,0,3,18,*6/H
162,Dick Allen,8.8,1964,22,PHI,NL,162,709,632,125,201,121,38,13,29,91,3,4,67,138,0.318,0.382,0.557,0.939,162,352,8,0,6,3,13,8.8,6.2,8.8,0.3,52,0,1,1,-2,*5
163,Álex Rodríguez,8.8,2002,26,TEX,AL,162,725,624,125,187,101,27,2,57,142,9,4,87,122,0.3,0.392,0.623,1.015,158,389,14,10,0,4,12,8.8,6.3,8.7,1.1,51,-1,5,4,1,*6/H
164,Ken Griffey Jr.,8.8,1993,23,SEA,AL,156,691,582,113,180,94,38,3,45,109,17,9,96,91,0.309,0.408,0.617,1.025,171,359,14,6,0,7,25,8.8,6.4,8.2,0.9,52,0,4,4,8,*8D/3
165,Stan Musial,8.8,1951,30,STL,NL,152,678,578,124,205,131,30,12,32,108,4,5,98,40,0.355,0.449,0.614,1.063,183,355,6,1,1,,24,8.8,6.2,8.6,-0.4,65,1,0,1,3,738/9H
166,George Stone,8.8,1906,29,SLB,AL,154,662,581,91,208,157,25,20,6,71,35,,52,89,0.358,0.417,0.501,0.918,193,291,,7,18,,,8.8,6.3,8,-0.2,57,0,-1,-1,6,*7
167,Willie Mays,8.7,1961,30,SFG,NL,154,659,572,129,176,101,32,3,40,123,18,9,81,77,0.308,0.393,0.584,0.977,160,334,14,2,0,4,15,8.7,6.2,7.3,1.4,46,1,2,3,14,*8/H
168,Albert Pujols,8.7,2007,27,STL,NL,158,679,565,99,185,114,38,1,32,103,2,6,99,58,0.327,0.429,0.568,0.997,157,321,27,7,0,8,22,8.7,6.7,5.7,2.3,51,-3,-2,-5,31,*3/H
169,Josh Hamilton,8.7,2010,29,TEX,AL,133,571,518,95,186,111,40,3,32,100,8,1,43,95,0.359,0.411,0.633,1.044,170,328,11,5,1,4,5,8.7,6.7,7.6,0.8,51,3,4,7,11,*78D/H
170,Frank Robinson,8.7,1962,26,CIN,NL,162,701,609,134,208,116,51,2,39,136,18,9,76,62,0.342,0.421,0.624,1.045,173,380,13,11,0,5,16,8.7,6.1,8.4,-0.4,63,-1,3,1,3,*97/H
171,Mickey Mantle,8.7,1958,26,NYY,AL,150,654,519,127,158,94,21,1,42,97,18,3,129,120,0.304,0.443,0.592,1.035,188,307,11,2,2,2,13,8.7,6.7,9.3,-0.7,64,1,6,7,-5,*8
172,Mike Piazza,8.7,1997,28,LAD,NL,152,633,556,104,201,128,32,1,40,124,5,1,69,77,0.362,0.431,0.638,1.07,185,355,19,3,0,5,11,8.7,6.8,9,0.5,70,-3,-2,-5,-2,*2/DH
173,Rickey Henderson,8.7,1989,30,"NYY,OAK",AL,150,674,541,113,148,107,26,3,12,57,77,14,126,68,0.274,0.411,0.399,0.81,132,216,8,3,0,4,5,8.7,6.5,6.1,2.1,32,-1,10,10,24,*7/DH
174,George Sisler,8.7,1922,29,SLB,AL,142,655,586,134,246,178,42,18,8,105,51,19,49,14,0.42,0.467,0.594,1.061,170,348,,3,16,,,8.7,6.2,8.2,-0.1,62,0,3,3,6,*3/H
175,Chuck Knoblauch,8.7,1996,27,MIN,AL,153,701,578,140,197,135,35,14,13,72,45,14,98,74,0.341,0.448,0.517,0.965,143,299,9,19,0,6,6,8.7,6.4,7.5,1.6,50,0,3,3,11,*4/DH
176,Albert Pujols,8.7,2003,23,STL,NL,157,685,591,137,212,117,51,1,43,124,5,1,79,65,0.359,0.439,0.667,1.106,187,394,13,10,0,5,12,8.7,6.6,8.6,-0.8,73,0,2,2,1,*73/HD
177,Tris Speaker,8.7,1916,28,CLE,AL,151,647,546,102,211,160,41,8,2,79,35,27,82,20,0.386,0.47,0.502,0.972,186,274,,4,15,,,8.7,6.2,8.6,-0.4,58,0,-1,-1,1,*8
178,Cody Bellinger,8.6,2019,23,LAD,NL,156,661,558,121,170,86,34,3,47,115,15,5,95,108,0.305,0.406,0.629,1.035,167,351,10,3,0,4,21,8.6,6.6,6.5,1.6,51,0,1,1,23,*938/H
179,Henry Aaron,8.6,1959,25,MLN,NL,154,693,629,116,223,131,46,7,39,123,8,0,51,54,0.355,0.401,0.636,1.037,183,400,19,4,0,9,17,8.6,6.1,9.1,-1.1,64,0,6,7,-4,*98/5
180,George Brett,8.6,1979,26,KCR,AL,154,701,645,119,212,127,42,20,23,107,17,10,51,36,0.329,0.376,0.563,0.939,148,363,8,0,1,4,14,8.6,6.4,7,2,40,2,3,5,16,*5/3D
181,Gary Carter,8.6,1982,28,MON,NL,154,653,557,91,163,101,32,1,29,97,2,5,78,64,0.293,0.381,0.51,0.89,146,284,16,6,4,8,11,8.6,6.4,6.9,2.8,34,-1,0,-1,14,*2/H
182,Will Clark,8.6,1989,25,SFG,NL,159,675,588,104,196,126,38,9,23,111,8,3,74,103,0.333,0.407,0.546,0.953,175,321,6,5,0,8,14,8.6,6.4,7.6,0,55,1,2,3,9,*3/H
183,Joe Morgan,8.6,1974,30,CIN,NL,149,641,512,107,150,94,31,3,22,67,58,12,120,69,0.293,0.427,0.494,0.921,159,253,7,3,1,5,8,8.6,6.6,8.2,0.9,46,1,8,9,4,*4/H
184,Ben Zobrist,8.6,2009,28,TBR,AL,152,599,501,91,149,87,28,7,27,91,17,6,91,104,0.297,0.405,0.543,0.948,149,272,7,2,1,4,4,8.6,6.5,6.1,2.6,37,2,1,3,25,49H6/7835D
185,Lou Gehrig,8.6,1931,28,NYY,AL,155,738,619,163,211,119,31,15,46,185,17,12,117,56,0.341,0.446,0.662,1.108,194,410,,0,2,,14,8.6,6.1,9.3,-1.4,83,1,-1,0,-8,*3/9
186,Tris Speaker,8.6,1920,32,CLE,AL,150,674,552,137,214,145,50,11,8,107,10,13,97,13,0.388,0.483,0.562,1.045,172,310,,5,20,,,8.6,6.2,8.3,-0.1,65,0,0,0,3,*8/H
187,Dick Allen,8.6,1972,30,CHW,AL,148,609,506,90,156,86,28,5,37,113,19,8,99,126,0.308,0.42,0.603,1.023,199,305,13,1,0,3,16,8.6,6.2,8.9,-1.3,60,-1,3,2,-1,*3/H5
188,Charlie Gehringer,8.6,1935,32,DET,AL,150,709,610,123,201,142,32,8,19,108,11,4,79,16,0.33,0.409,0.502,0.911,138,306,,3,17,,3,8.6,6.1,7.3,1.8,39,3,5,9,14,*4/H
189,Johnny Bench,8.6,1972,24,CIN,NL,147,653,538,87,145,81,22,2,40,125,6,6,100,84,0.27,0.379,0.541,0.92,166,291,18,2,0,12,23,8.6,6.6,6.9,2.4,41,-2,-2,-4,13,*29/35
190,Snuffy Stirnweiss,8.6,1944,25,NYY,AL,154,723,643,125,205,146,35,16,8,43,55,11,73,87,0.319,0.389,0.46,0.849,139,296,6,1,6,,1,8.6,6.6,6.9,2.5,31,0,7,7,15,*4
191,Tony Gwynn,8.6,1987,27,SDP,NL,157,680,589,119,218,162,36,13,7,54,56,12,82,35,0.37,0.447,0.511,0.958,158,301,13,3,2,4,26,8.6,6.3,7.8,0.1,49,1,11,12,7,*9/H
192,Ryne Sandberg,8.6,1984,24,CHC,NL,156,700,636,114,200,126,36,19,19,84,32,7,52,101,0.314,0.367,0.52,0.887,140,331,7,3,5,4,3,8.6,6.3,7.1,2,38,1,0,1,12,*4
193,Duke Snider,8.6,1955,28,BRO,NL,148,653,538,126,166,84,34,6,42,136,9,7,104,87,0.309,0.418,0.628,1.046,169,338,9,1,4,6,19,8.6,6.2,8.2,0.4,53,3,3,6,6,*8/H
194,Henry Aaron,8.5,1962,28,MLN,NL,156,667,592,127,191,112,28,6,45,128,15,7,66,73,0.323,0.39,0.618,1.008,170,366,14,3,0,6,14,8.5,6,7.9,0.3,57,0,0,0,6,*89/H3
195,Willie Wilson,8.5,1980,24,KCR,AL,161,745,705,133,230,184,28,15,3,49,79,10,28,81,0.326,0.357,0.421,0.778,113,297,4,6,5,1,3,8.5,6.4,6,2.2,19,4,17,21,24,*78/H
196,Nap Lajoie,8.5,1904,29,CLE,AL,140,595,553,92,208,139,49,15,5,102,29,,27,19,0.376,0.413,0.546,0.959,200,302,,8,6,,,8.5,6.2,9.5,-0.6,58,0,0,0,-7,46/3
197,Henry Aaron,8.5,1967,33,ATL,NL,155,669,600,113,184,105,37,3,39,109,17,6,63,97,0.307,0.369,0.573,0.943,168,344,11,0,0,6,19,8.5,6.1,8.2,-0.5,53,1,4,5,1,*98/H4
198,Álex Rodríguez,8.5,1998,22,SEA,AL,161,748,686,123,213,131,35,5,42,124,46,13,45,121,0.31,0.36,0.56,0.919,136,384,12,10,3,4,0,8.5,6.1,7.8,1.7,38,3,5,8,8,*6/D
199,Babe Ruth,8.5,1932,37,NYY,AL,133,589,457,120,156,97,13,5,41,137,2,2,130,62,0.341,0.489,0.661,1.15,201,302,,2,0,,4,8.5,6.4,8.6,-0.6,75,0,3,3,0,*97/H3
200,Joe Cronin,8.5,1930,23,WSH,AL,154,686,587,127,203,140,41,9,13,126,17,10,72,36,0.346,0.422,0.513,0.934,135,301,,5,22,,1,8.5,5.9,6.6,2.8,37,0,0,0,20,*6